{
  "voc_eval_res": {
    "precision": 87.3732,
    "recall": 96.5414,
    "f-score": 91.7288
  },
  "KL_res": {
    "KL divergence": 0.013992922016509455,
    "Euclidean Dist.": 0.005225320062535327,
    "WER": 0.05257991500369549,
    "CER": 0.028386166196495595,
    "Cosine Dist.": 0.0008537849521554897
  },
  "occ_eval_res": {
    "precision": 95.6242,
    "recall": 98.65,
    "f-score": 97.1135
  },
  "clean_eval": {
    "f-score": 84.59476514962918,
    "precision": 84.83099752679307,
    "recall": 84.35984481086324,
    "tp": 73059,
    "fp": 13064,
    "fn": 13545
  },
  "jaccard": [
    0.4070448307410796
  ],
  "braycurtis": [
    0.0719890459090087
  ],
  "dice": [
    0.25552811441043016
  ],
  "cosinus": [
    0.00940958105498979
  ]
}