{
  "voc_eval_res": {
    "precision": 60.2114,
    "recall": 70.5273,
    "f-score": 64.9624
  },
  "KL_res": {
    "KL divergence": 0.2210335365656586,
    "Euclidean Dist.": 0.03311075908316853,
    "WER": 0.18813516260162602,
    "CER": 0.05624462674720041,
    "Cosine Dist.": 0.04950495003377642
  },
  "occ_eval_res": {
    "precision": 83.1597,
    "recall": 85.2735,
    "f-score": 84.2033
  },
  "clean_eval": {
    "f-score": 77.04752628847041,
    "precision": 76.69728179464255,
    "recall": 77.40098429810172,
    "tp": 66054,
    "fp": 20069,
    "fn": 19286
  },
  "jaccard": [
    0.6300360432519023
  ],
  "braycurtis": [
    0.11237267168118892
  ],
  "dice": [
    0.45989242282507015
  ],
  "cosinus": [
    0.015891697693905305
  ]
}